<?xml version="1.0" encoding="UTF-8"?>
<w:p xmlns:xsi="http://www.w3.org/2001/XMLSchema-instance"
 xsi:schemaLocation="http://schemas.openxmlformats.org/wordprocessingml/2006/main wml.xsd"
 xmlns:dc="http://purl.org/dc/elements/1.1/"
 xmlns:b="temp"
 xmlns:c="temp"
 xmlns:a="http://schemas.openxmlformats.org/drawingml/2006/main"
 xmlns:dcmitype="http://purl.org/dc/dcmitype/"
 xmlns:vt="http://schemas.openxmlformats.org/officeDocument/2006/docPropsVTypes"
 xmlns:o="urn:schemas-microsoft-com:office:office"
 xmlns:wp="http://schemas.openxmlformats.org/drawingml/2006/wordprocessingDrawing"
 xmlns:cdr="http://schemas.openxmlformats.org/drawingml/2006/chartDrawing"
 xmlns:m="http://schemas.openxmlformats.org/officeDocument/2006/math"
 xmlns:wne="http://schemas.microsoft.com/office/word/2006/wordml"
 xmlns:w10="urn:schemas-microsoft-com:office:word"
 xmlns:dcterms="http://purl.org/dc/terms/"
 xmlns:w="http://schemas.openxmlformats.org/wordprocessingml/2006/main"
 xmlns:v="urn:schemas-microsoft-com:vml"
 xmlns:cp="http://schemas.openxmlformats.org/package/2006/metadata/core-properties"
 xmlns:s="http://schemas.openxmlformats.org/spreadsheetml/2006/main"
 xmlns:xdr="http://schemas.openxmlformats.org/drawingml/2006/spreadsheetDrawing"
 xmlns:r="http://schemas.openxmlformats.org/officeDocument/2006/relationships"
 xmlns:p="http://schemas.openxmlformats.org/presentationml/2006/main"
 xmlns:ve="http://schemas.openxmlformats.org/markup-compatibility/2006"
 xmlns:xsd="http://www.w3.org/2001/XMLSchema"
 xmlns:oxsd="temp"
 xmlns:x="temp">
    <w:pPr>
        <w:jc w:val="center"/>
        <w:rPr>
            <w:i/>
        </w:rPr>
    </w:pPr>
    <w:r>
        <w:rPr>
            <w:i/>
        </w:rPr>
        <w:t>The quick brown fox jumped </w:t>
    </w:r>
</w:p>
